plex,TechRepMixture,fraction,run,Has Tech Reps,data_type,data_file
TMTa,1,00,NASA_Flies_TMTA_20191221_Fr00,FALSE,DDA,/path/to/NASA_Flies_TMTA_20191221_Fr00.mzML
TMTa,1,01,NASA_Flies_TMTA_20191221_Fr01,TRUE,DDA,/path/to/NASA_Flies_TMTA_20191221_Fr01.mzML
TMTa,1,01,NASA_Flies_TMTA_20191221_Fr01_191224074450,TRUE,DDA,/path/to/NASA_Flies_TMTA_20191221_Fr01_191224074450.mzML
TMTa,1,02,NASA_Flies_TMTA_20191221_Fr02,TRUE,DDA,/path/to/NASA_Flies_TMTA_20191221_Fr02.mzML
TMTa,1,02,NASA_Flies_TMTA_20191221_Fr02_191224104807,TRUE,DDA,/path/to/NASA_Flies_TMTA_20191221_Fr02_191224104807.mzML
TMTa,1,03,NASA_Flies_TMTA_20191221_Fr03,TRUE,DDA,/path/to/NASA_Flies_TMTA_20191221_Fr03.mzML
TMTa,1,03,NASA_Flies_TMTA_20191221_Fr03_191224135149,TRUE,DDA,/path/to/NASA_Flies_TMTA_20191221_Fr03_191224135149.mzML
TMTa,1,04,NASA_Flies_TMTA_20191221_Fr04,FALSE,DDA,/path/to/NASA_Flies_TMTA_20191221_Fr04.mzML
TMTa,1,05,NASA_Flies_TMTA_20191221_Fr05,FALSE,DDA,/path/to/NASA_Flies_TMTA_20191221_Fr05.mzML
TMTa,1,06,NASA_Flies_TMTA_20191221_Fr06,FALSE,DDA,/path/to/NASA_Flies_TMTA_20191221_Fr06.mzML
TMTa,1,07,NASA_Flies_TMTA_20191221_Fr07,FALSE,DDA,/path/to/NASA_Flies_TMTA_20191221_Fr07.mzML
TMTa,1,08,NASA_Flies_TMTA_20191221_Fr08,FALSE,DDA,/path/to/NASA_Flies_TMTA_20191221_Fr08.mzML
TMTa,1,09,NASA_Flies_TMTA_20191221_Fr09,FALSE,DDA,/path/to/NASA_Flies_TMTA_20191221_Fr09.mzML
TMTa,1,10,NASA_Flies_TMTA_20191221_Fr10,FALSE,DDA,/path/to/NASA_Flies_TMTA_20191221_Fr10.mzML
TMTa,1,11,NASA_Flies_TMTA_20191221_Fr11,FALSE,DDA,/path/to/NASA_Flies_TMTA_20191221_Fr11.mzML
TMTa,1,12,NASA_Flies_TMTA_20191221_Fr12,FALSE,DDA,/path/to/NASA_Flies_TMTA_20191221_Fr12.mzML
TMTa,1,13,NASA_Flies_TMTA_20191221_Fr13,FALSE,DDA,/path/to/NASA_Flies_TMTA_20191221_Fr13.mzML
TMTa,1,14,NASA_Flies_TMTA_20191221_Fr14,FALSE,DDA,/path/to/NASA_Flies_TMTA_20191221_Fr14.mzML
TMTa,1,15,NASA_Flies_TMTA_20191221_Fr15,FALSE,DDA,/path/to/NASA_Flies_TMTA_20191221_Fr15.mzML
TMTa,1,16,NASA_Flies_TMTA_20191221_Fr16,FALSE,DDA,/path/to/NASA_Flies_TMTA_20191221_Fr16.mzML
TMTa,1,17,NASA_Flies_TMTA_20191221_Fr17,FALSE,DDA,/path/to/NASA_Flies_TMTA_20191221_Fr17.mzML
TMTa,1,18,NASA_Flies_TMTA_20191221_Fr18,FALSE,DDA,/path/to/NASA_Flies_TMTA_20191221_Fr18.mzML
TMTa,1,19,NASA_Flies_TMTA_20191221_Fr19,FALSE,DDA,/path/to/NASA_Flies_TMTA_20191221_Fr19.mzML
TMTa,1,20,NASA_Flies_TMTA_20191221_Fr20,FALSE,DDA,/path/to/NASA_Flies_TMTA_20191221_Fr20.mzML
TMTa,1,21,NASA_Flies_TMTA_20191221_Fr21,FALSE,DDA,/path/to/NASA_Flies_TMTA_20191221_Fr21.mzML
TMTa,1,22,NASA_Flies_TMTA_20191221_Fr22,FALSE,DDA,/path/to/NASA_Flies_TMTA_20191221_Fr22.mzML
TMTa,1,23,NASA_Flies_TMTA_20191221_Fr23,FALSE,DDA,/path/to/NASA_Flies_TMTA_20191221_Fr23.mzML
TMTa,1,24,NASA_Flies_TMTA_20191221_Fr24,FALSE,DDA,/path/to/NASA_Flies_TMTA_20191221_Fr24.mzML
TMTa,2,01,NASA_Flies_TMTA_2ndZipTip_20191221_Fr01,FALSE,DDA,/path/to/NASA_Flies_TMTA_2ndZipTip_20191221_Fr01.mzML
TMTa,2,02,NASA_Flies_TMTA_2ndZipTip_20191221_Fr02,FALSE,DDA,/path/to/NASA_Flies_TMTA_2ndZipTip_20191221_Fr02.mzML
TMTa,2,03,NASA_Flies_TMTA_2ndZipTip_20191221_Fr03,FALSE,DDA,/path/to/NASA_Flies_TMTA_2ndZipTip_20191221_Fr03.mzML
TMTa,2,04,NASA_Flies_TMTA_2ndZipTip_20191221_Fr04,FALSE,DDA,/path/to/NASA_Flies_TMTA_2ndZipTip_20191221_Fr04.mzML
TMTa,2,05,NASA_Flies_TMTA_2ndZipTip_20191221_Fr05,FALSE,DDA,/path/to/NASA_Flies_TMTA_2ndZipTip_20191221_Fr05.mzML
TMTa,2,06,NASA_Flies_TMTA_2ndZipTip_20191221_Fr06,FALSE,DDA,/path/to/NASA_Flies_TMTA_2ndZipTip_20191221_Fr06.mzML
TMTa,2,07,NASA_Flies_TMTA_2ndZipTip_20191221_Fr07,FALSE,DDA,/path/to/NASA_Flies_TMTA_2ndZipTip_20191221_Fr07.mzML
TMTa,2,08,NASA_Flies_TMTA_2ndZipTip_20191221_Fr08,FALSE,DDA,/path/to/NASA_Flies_TMTA_2ndZipTip_20191221_Fr08.mzML
TMTa,2,09,NASA_Flies_TMTA_2ndZipTip_20191221_Fr09,FALSE,DDA,/path/to/NASA_Flies_TMTA_2ndZipTip_20191221_Fr09.mzML
TMTa,2,10,NASA_Flies_TMTA_2ndZipTip_20191221_Fr10,FALSE,DDA,/path/to/NASA_Flies_TMTA_2ndZipTip_20191221_Fr10.mzML
TMTa,2,11,NASA_Flies_TMTA_2ndZipTip_20191221_Fr11,FALSE,DDA,/path/to/NASA_Flies_TMTA_2ndZipTip_20191221_Fr11.mzML
TMTa,2,12,NASA_Flies_TMTA_2ndZipTip_20191221_Fr12,FALSE,DDA,/path/to/NASA_Flies_TMTA_2ndZipTip_20191221_Fr12.mzML
TMTb,1,00,NASA_Flies_TMTB_20200104_Fr00,FALSE,DDA,/path/to/NASA_Flies_TMTB_20200104_Fr00.mzML
TMTb,1,01,NASA_Flies_TMTB_20200104_Fr01,FALSE,DDA,/path/to/NASA_Flies_TMTB_20200104_Fr01.mzML
TMTb,1,02,NASA_Flies_TMTB_20200104_Fr02,FALSE,DDA,/path/to/NASA_Flies_TMTB_20200104_Fr02.mzML
TMTb,1,03,NASA_Flies_TMTB_20200104_Fr03,FALSE,DDA,/path/to/NASA_Flies_TMTB_20200104_Fr03.mzML
TMTb,1,04,NASA_Flies_TMTB_20200104_Fr04,FALSE,DDA,/path/to/NASA_Flies_TMTB_20200104_Fr04.mzML
TMTb,1,05,NASA_Flies_TMTB_20200104_Fr05,FALSE,DDA,/path/to/NASA_Flies_TMTB_20200104_Fr05.mzML
TMTb,1,06,NASA_Flies_TMTB_20200104_Fr06,FALSE,DDA,/path/to/NASA_Flies_TMTB_20200104_Fr06.mzML
TMTb,1,07,NASA_Flies_TMTB_20200104_Fr07,FALSE,DDA,/path/to/NASA_Flies_TMTB_20200104_Fr07.mzML
TMTb,1,08,NASA_Flies_TMTB_20200104_Fr08,FALSE,DDA,/path/to/NASA_Flies_TMTB_20200104_Fr08.mzML
TMTb,1,09,NASA_Flies_TMTB_20200104_Fr09,FALSE,DDA,/path/to/NASA_Flies_TMTB_20200104_Fr09.mzML
TMTb,1,10,NASA_Flies_TMTB_20200104_Fr10,FALSE,DDA,/path/to/NASA_Flies_TMTB_20200104_Fr10.mzML
TMTb,1,11,NASA_Flies_TMTB_20200104_Fr11,FALSE,DDA,/path/to/NASA_Flies_TMTB_20200104_Fr11.mzML
TMTb,1,12,NASA_Flies_TMTB_20200104_Fr12,FALSE,DDA,/path/to/NASA_Flies_TMTB_20200104_Fr12.mzML
TMTc,1,00,NASA_Flies_TMTC_20200109_Fr00,FALSE,DDA,/path/to/NASA_Flies_TMTC_20200109_Fr00.mzML
TMTc,1,01,NASA_Flies_TMTC_20200109_Fr01,FALSE,DDA,/path/to/NASA_Flies_TMTC_20200109_Fr01.mzML
TMTc,1,02,NASA_Flies_TMTC_20200109_Fr02,FALSE,DDA,/path/to/NASA_Flies_TMTC_20200109_Fr02.mzML
TMTc,1,03,NASA_Flies_TMTC_20200109_Fr03,FALSE,DDA,/path/to/NASA_Flies_TMTC_20200109_Fr03.mzML
TMTc,1,04,NASA_Flies_TMTC_20200109_Fr04,FALSE,DDA,/path/to/NASA_Flies_TMTC_20200109_Fr04.mzML
TMTc,1,05,NASA_Flies_TMTC_20200109_Fr05,FALSE,DDA,/path/to/NASA_Flies_TMTC_20200109_Fr05.mzML
TMTc,1,06,NASA_Flies_TMTC_20200109_Fr06,FALSE,DDA,/path/to/NASA_Flies_TMTC_20200109_Fr06.mzML
TMTc,1,07,NASA_Flies_TMTC_20200109_Fr07,FALSE,DDA,/path/to/NASA_Flies_TMTC_20200109_Fr07.mzML
TMTc,1,08,NASA_Flies_TMTC_20200109_Fr08,FALSE,DDA,/path/to/NASA_Flies_TMTC_20200109_Fr08.mzML
TMTc,1,09,NASA_Flies_TMTC_20200109_Fr09,FALSE,DDA,/path/to/NASA_Flies_TMTC_20200109_Fr09.mzML
TMTc,1,10,NASA_Flies_TMTC_20200109_Fr10,FALSE,DDA,/path/to/NASA_Flies_TMTC_20200109_Fr10.mzML
TMTc,1,11,NASA_Flies_TMTC_20200109_Fr11,FALSE,DDA,/path/to/NASA_Flies_TMTC_20200109_Fr11.mzML
TMTc,1,12,NASA_Flies_TMTC_20200109_Fr12,FALSE,DDA,/path/to/NASA_Flies_TMTC_20200109_Fr12.mzML
